gameid,user
295770,-=Yod@=-
308119,-=Yod@=-
242705,-=Yod@=-
162886,-=Yod@=-
251661,-=Yod@=-
271055,-=Yod@=-
266507,-=Yod@=-
311988,-=Yod@=-
321608,-=Yod@=-
279537,-=Yod@=-
295770,-Morphling-
311988,-Morphling-
242705,-Morphling-
235802,-Morphling-
266507,-Morphling-
174430,-Morphling-
233078,-Morphling-
240196,-Morphling-
251661,-Morphling-
218417,-Morphling-
242705,-mIDE-
349067,-mIDE-
169427,-mIDE-
295770,-mIDE-
321608,-mIDE-
251661,-mIDE-
308119,-mIDE-
251247,-mIDE-
329551,-mIDE-
322708,-mIDE-
242705,-toni-
251661,-toni-
295770,-toni-
235802,-toni-
233078,-toni-
364011,-toni-
224517,-toni-
325494,-toni-
308119,-toni-
266507,-toni-
174430,-xXx-
227460,-xXx-
297562,-xXx-
308119,-xXx-
266507,-xXx-
235802,-xXx-
270633,-xXx-
291457,-xXx-
374173,-xXx-
241451,-xXx-
242705,...Hammer
308119,...Hammer
349067,...Hammer
336382,...Hammer
374173,...Hammer
310100,...Hammer
345584,...Hammer
224517,...Hammer
314040,...Hammer
284653,...Hammer
262941,0010
224783,0010
280794,0010
281466,0010
305096,0010
337765,0010
244522,0010
186751,0010
292375,0010
258779,0010
251661,007_ulf
242705,007_ulf
325494,007_ulf
364011,007_ulf
366161,007_ulf
235802,007_ulf
314040,007_ulf
284378,007_ulf
342942,007_ulf
324856,007_ulf
291457,00McCracken
169427,00McCracken
235802,00McCracken
233078,00McCracken
325494,00McCracken
295770,00McCracken
242705,00McCracken
251661,00McCracken
321608,00McCracken
311988,00McCracken
242705,00arak00
235802,00arak00
281655,00arak00
332686,00arak00
251661,00arak00
321608,00arak00
342942,00arak00
310100,00arak00
316554,00arak00
271055,00arak00
251661,00schneider
295770,00schneider
235802,00schneider
364011,00schneider
224517,00schneider
284378,00schneider
325494,00schneider
308119,00schneider
270633,00schneider
266507,00schneider
242705,00vito
295770,00vito
169427,00vito
235802,00vito
174430,00vito
321608,00vito
364011,00vito
291457,00vito
251661,00vito
220308,00vito
316554,010100
284378,010100
224710,010100
271601,010100
214887,010100
310100,010100
255984,010100
249259,010100
242302,010100
271055,010100
308119,01hejazi
249381,01hejazi
306735,01hejazi
280794,01hejazi
256960,01hejazi
331787,01hejazi
237182,01hejazi
210296,01hejazi
311988,01hejazi
163839,01hejazi
295770,0444287
291457,0444287
251661,0444287
266507,0444287
227935,0444287
365717,0444287
270633,0444287
240980,0444287
255984,0444287
235802,0444287
242705,0447603
251661,0447603
364011,0447603
169427,0447603
325494,0447603
310100,0447603
342942,0447603
284378,0447603
224517,0447603
235802,0447603
314040,0492372665
281655,0492372665
237182,0492372665
240980,0492372665
233078,0492372665
186751,0492372665
162886,0492372665
332686,0492372665
228328,0492372665
300531,0492372665
256960,07734
332686,07734
246900,07734
227460,07734
187617,07734
184267,07734
325635,07734
214029,07734
161533,07734
291572,07734
242705,0815Spieler
224517,0815Spieler
218479,0815Spieler
271055,0815Spieler
316554,0815Spieler
341169,0815Spieler
186751,0815Spieler
342942,0815Spieler
257499,0815Spieler
227935,0815Spieler
295770,0Kage
280794,0Kage
186751,0Kage
295947,0Kage
350184,0Kage
285774,0Kage
255984,0Kage
256680,0Kage
232832,0Kage
199792,0Kage
251661,0NCK0
332686,0NCK0
299659,0NCK0
235802,0NCK0
284653,0NCK0
186751,0NCK0
342942,0NCK0
314040,0NCK0
283355,0NCK0
322708,0NCK0
170771,0b1_Ita
235802,0b1_Ita
364011,0b1_Ita
332686,0b1_Ita
308119,0b1_Ita
266507,0b1_Ita
252328,0b1_Ita
249259,0b1_Ita
251661,0b1_Ita
285192,0b1_Ita
218479,0hoHj
280794,0hoHj
291572,0hoHj
336382,0hoHj
298047,0hoHj
228341,0hoHj
264220,0hoHj
266507,0hoHj
235802,0hoHj
364011,0hoHj
262941,0kecske0
332686,0kecske0
350316,0kecske0
224517,0kecske0
291572,0kecske0
244114,0kecske0
299659,0kecske0
256916,0kecske0
349067,0kecske0
251661,0kecske0
251661,0lukasz0
242705,0lukasz0
233078,0lukasz0
325494,0lukasz0
224517,0lukasz0
270633,0lukasz0
235802,0lukasz0
316554,0lukasz0
335764,0lukasz0
218417,0lukasz0
251661,0minus
167355,0minus
325494,0minus
310100,0minus
242705,0minus
295770,0minus
169427,0minus
356123,0minus
311988,0minus
374173,0minus
277659,0tibo
235802,0tibo
251661,0tibo
325494,0tibo
308119,0tibo
316554,0tibo
169427,0tibo
374173,0tibo
299659,0tibo
270633,0tibo
222509,0xA8E
273330,0xA8E
271896,0xA8E
290359,0xA8E
306040,0xA8E
227515,0xA8E
161533,0xA8E
142379,0xA8E
325494,0xA8E
274364,0xA8E
161533,0xDEADBEEF
314040,0xDEADBEEF
295770,0xDEADBEEF
297562,0xDEADBEEF
280794,0xDEADBEEF
214887,0xDEADBEEF
268864,0xDEADBEEF
252328,0xDEADBEEF
240196,0xDEADBEEF
184267,0xDEADBEEF
245643,1 Family Meeple
218074,1 Family Meeple
270633,1 Family Meeple
204472,1 Family Meeple
224783,1 Family Meeple
274638,1 Family Meeple
310100,1 Family Meeple
342942,1 Family Meeple
286751,1 Family Meeple
325494,1 Family Meeple
321608,1 Tile Plaid
246900,1 Tile Plaid
242705,1 Tile Plaid
235802,1 Tile Plaid
332800,1 Tile Plaid
169427,1 Tile Plaid
270633,1 Tile Plaid
251661,1 Tile Plaid
325494,1 Tile Plaid
295564,1 Tile Plaid
251661,1 of 5
325494,1 of 5
364011,1 of 5
242705,1 of 5
227935,1 of 5
233078,1 of 5
169427,1 of 5
321608,1 of 5
284378,1 of 5
235802,1 of 5
335764,1000days
262211,1000days
240980,1000days
239942,1000days
266507,1000days
241451,1000days
169427,1000days
325494,1000days
295564,1000days
227460,1000days
242705,1000games
281655,1000games
239942,1000games
299659,1000games
221194,1000games
218479,1000games
310100,1000games
224710,1000games
321608,1000games
244114,1000games
311988,1000rpm
321608,1000rpm
205896,1000rpm
224517,1000rpm
332686,1000rpm
255984,1000rpm
251661,1000rpm
206480,1000rpm
257501,1000rpm
187617,1000rpm
295770,1002am
187617,1002am
350316,1002am
251661,1002am
188,1002am
242705,1002am
142379,1002am
262211,1002am
240980,1002am
349067,1002am
322708,100pcBlade
235802,100pcBlade
280794,100pcBlade
269385,100pcBlade
295770,100pcBlade
192135,100pcBlade
281655,100pcBlade
315610,100pcBlade
251661,100pcBlade
300531,100pcBlade
242705,100rk
299659,100rk
169427,100rk
277659,100rk
251661,100rk
247763,100rk
224517,100rk
295770,100rk
235802,100rk
342942,100rk
256960,101100
251661,101100
299659,101100
291453,101100
242705,101100
270633,101100
246900,101100
284653,101100
322289,101100
291572,101100
299659,1024b
264220,1024b
235802,1024b
242705,1024b
218074,1024b
241451,1024b
224517,1024b
266507,1024b
262211,1024b
316377,1024b
328866,1031925187
316554,1031925187
248065,1031925187
233078,1031925187
224710,1031925187
218333,1031925187
281259,1031925187
218417,1031925187
280794,1031925187
291457,1031925187
169427,105JS2687S2003
295564,105JS2687S2003
174430,105JS2687S2003
251661,105JS2687S2003
167355,105JS2687S2003
192135,105JS2687S2003
246900,105JS2687S2003
345584,105JS2687S2003
235802,105JS2687S2003
248065,105JS2687S2003
349067,10Maverick
332686,10Maverick
242705,10Maverick
240196,10Maverick
321608,10Maverick
366161,10Maverick
218074,10Maverick
246900,10Maverick
255984,10Maverick
308119,10Maverick
242705,10erRingscheibe
251661,10erRingscheibe
235802,10erRingscheibe
325494,10erRingscheibe
295770,10erRingscheibe
233078,10erRingscheibe
342942,10erRingscheibe
284378,10erRingscheibe
321608,10erRingscheibe
224517,10erRingscheibe
314040,10up
242705,10up
325494,10up
251661,10up
295770,10up
321608,10up
235802,10up
308119,10up
342942,10up
284378,10up
242705,111dirk
284378,111dirk
227460,111dirk
325494,111dirk
186751,111dirk
251661,111dirk
169427,111dirk
321608,111dirk
233078,111dirk
206480,111dirk
264220,117010097
270633,117010097
245655,117010097
169427,117010097
242705,117010097
241451,117010097
218417,117010097
280794,117010097
322289,117010097
262211,117010097
186751,11dete
266507,11dete
220308,11dete
321608,11dete
251661,11dete
199792,11dete
284378,11dete
262941,11dete
276182,11dete
325494,11dete
251661,11ie
295770,11ie
242705,11ie
308119,11ie
291457,11ie
342942,11ie
364011,11ie
240980,11ie
235802,11ie
332686,11ie
251661,11maranzano
242705,11maranzano
295564,11maranzano
342942,11maranzano
246900,11maranzano
295770,11maranzano
310100,11maranzano
162886,11maranzano
270633,11maranzano
167355,11maranzano
242705,11turkkann
245655,11turkkann
266507,11turkkann
322289,11turkkann
262211,11turkkann
256916,11turkkann
218417,11turkkann
233078,11turkkann
206480,11turkkann
270633,11turkkann
242705,11xor6
295770,11xor6
364011,11xor6
169427,11xor6
251661,11xor6
251247,11xor6
246900,11xor6
321608,11xor6
341169,11xor6
220308,11xor6
242705,120004
295770,120004
169427,120004
233078,120004
310100,120004
220308,120004
246900,120004
364011,120004
271055,120004
321608,120004
242705,1234567
251661,1234567
295770,1234567
325494,1234567
332800,1234567
246900,1234567
349067,1234567
276182,1234567
364011,1234567
220308,1234567
255984,123Logdatei
170771,123Logdatei
364011,123Logdatei
310100,123Logdatei
291457,123Logdatei
315610,123Logdatei
336382,123Logdatei
279537,123Logdatei
312484,123Logdatei
345584,123Logdatei
174430,123ehdrmfl
349067,123ehdrmfl
266192,123ehdrmfl
295770,123ehdrmfl
170771,123ehdrmfl
281655,123ehdrmfl
291457,123ehdrmfl
240196,123ehdrmfl
366161,123ehdrmfl
332686,123ehdrmfl
237179,12from1
240980,12from1
338834,12from1
311988,12from1
284378,12from1
206480,12from1
284083,12from1
256999,12from1
321608,12from1
299659,12from1
242705,12henry14
251661,12henry14
295770,12henry14
321608,12henry14
284378,12henry14
281655,12henry14
224517,12henry14
341169,12henry14
251247,12henry14
314040,12henry14
321608,12is
251661,12is
262941,12is
231733,12is
255984,12is
270633,12is
299659,12is
256960,12is
266192,12is
246900,12is
242705,12mchristian
364011,12mchristian
295770,12mchristian
251661,12mchristian
246900,12mchristian
266507,12mchristian
233078,12mchristian
186751,12mchristian
341169,12mchristian
237182,12mchristian
251661,1304654
295770,1304654
310100,1304654
291572,1304654
185343,1304654
167355,1304654
162886,1304654
332800,1304654
270633,1304654
266507,1304654
325494,134340
295770,134340
308119,134340
251661,134340
299659,134340
242705,134340
235802,134340
245655,134340
284378,134340
233078,134340
242705,13atman
295770,13atman
291457,13atman
308119,13atman
270633,13atman
332800,13atman
284378,13atman
224517,13atman
251661,13atman
220308,13atman
349067,13obscur
251661,13obscur
308119,13obscur
235802,13obscur
321608,13obscur
324856,13obscur
335764,13obscur
277659,13obscur
281655,13obscur
240980,13obscur
242705,13rett
251661,13rett
342942,13rett
325494,13rett
270633,13rett
295770,13rett
169427,13rett
299659,13rett
335764,13rett
366161,13rett
295770,13scorpion
169427,13scorpion
321608,13scorpion
308119,13scorpion
233078,13scorpion
270633,13scorpion
246900,13scorpion
174430,13scorpion
227460,13scorpion
325494,13scorpion
314040,13teti13
295895,13teti13
349067,13teti13
315610,13teti13
366013,13teti13
366161,13teti13
365717,13teti13
240196,13teti13
235802,13teti13
231733,13teti13
242705,13thSON
284378,13thSON
310100,13thSON
246900,13thSON
281655,13thSON
169427,13thSON
266507,13thSON
184267,13thSON
251247,13thSON
249381,13thSON
349067,13thcaesar
242705,13thcaesar
342942,13thcaesar
335764,13thcaesar
322289,13thcaesar
240980,13thcaesar
270633,13thcaesar
284378,13thcaesar
294484,13thcaesar
295770,13thcaesar
169427,13walker
310100,13walker
281466,13walker
230253,13walker
244114,13walker
227935,13walker
271601,13walker
240196,13walker
365717,13walker
294484,13walker
311988,143245
270633,143245
218479,143245
264220,143245
310100,143245
233078,143245
245655,143245
295770,143245
214887,143245
315610,143245
281655,144creations
364011,144creations
214880,144creations
251661,144creations
283355,144creations
220308,144creations
332772,144creations
299684,144creations
308119,144creations
314040,144creations
305096,14allor
242705,14allor
295770,14allor
286751,14allor
322708,14allor
169427,14allor
277659,14allor
296237,14allor
251661,14allor
266524,14allor
242705,14cross
251661,14cross
325494,14cross
286751,14cross
179803,14cross
286096,14cross
226522,14cross
223321,14cross
184267,14cross
271324,14cross
325494,14skillz
251661,14skillz
235802,14skillz
316554,14skillz
321608,14skillz
169427,14skillz
244114,14skillz
299659,14skillz
308119,14skillz
366161,14skillz
169427,152663
251661,152663
321608,152663
242705,152663
310100,152663
314040,152663
364011,152663
235802,152663
295770,152663
315610,152663
266507,15th
364011,15th
174430,15th
295770,15th
335764,15th
291457,15th
365717,15th
325494,15th
242705,15th
227935,15th
169427,16 Ft Pauly
295770,16 Ft Pauly
251661,16 Ft Pauly
242705,16 Ft Pauly
174430,16 Ft Pauly
325494,16 Ft Pauly
308119,16 Ft Pauly
270633,16 Ft Pauly
235802,16 Ft Pauly
218417,16 Ft Pauly
325494,16BitWarrior
242705,16BitWarrior
233078,16BitWarrior
295770,16BitWarrior
308119,16BitWarrior
328866,16BitWarrior
251661,16BitWarrior
311988,16BitWarrior
332800,16BitWarrior
256916,16BitWarrior
332686,16crab
349067,16crab
218417,16crab
251661,16crab
170771,16crab
224517,16crab
299047,16crab
366161,16crab
270633,16crab
284760,16crab
349067,17wanzy
270633,17wanzy
295770,17wanzy
242705,17wanzy
251247,17wanzy
284378,17wanzy
294484,17wanzy
240196,17wanzy
277659,17wanzy
266164,17wanzy
251661,1869
366013,1869
321608,1869
220308,1869
311988,1869
364011,1869
256960,1869
214029,1869
325635,1869
316554,1869
349067,1905_CE3
251661,1905_CE3
281655,1905_CE3
325494,1905_CE3
314040,1905_CE3
310100,1905_CE3
169427,1905_CE3
295770,1905_CE3
284777,1905_CE3
321608,1905_CE3
242705,1974AlPhillips
251661,1974AlPhillips
295770,1974AlPhillips
325494,1974AlPhillips
308119,1974AlPhillips
235802,1974AlPhillips
364011,1974AlPhillips
224517,1974AlPhillips
270633,1974AlPhillips
321608,1974AlPhillips
224517,1979 AMC Treo 755p
322289,1979 AMC Treo 755p
237179,1979 AMC Treo 755p
233078,1979 AMC Treo 755p
364011,1979 AMC Treo 755p
256916,1979 AMC Treo 755p
284777,1979 AMC Treo 755p
242705,1979 AMC Treo 755p
237182,1979 AMC Treo 755p
325635,1979 AMC Treo 755p
251661,1991
325494,1991
308119,1991
241451,1991
322289,1991
365717,1991
366013,1991
335764,1991
314040,1991
242705,1991
341169,19TDI
322289,19TDI
221107,19TDI
364011,19TDI
214029,19TDI
251247,19TDI
324856,19TDI
314040,19TDI
242705,19TDI
266507,19TDI
325494,19jake91
314040,19jake91
242705,19jake91
169427,19jake91
266192,19jake91
235802,19jake91
356123,19jake91
251661,19jake91
350316,19jake91
286751,19jake91
218417,19nadie88
174430,19nadie88
233078,19nadie88
374173,19nadie88
256680,19nadie88
346703,19nadie88
276182,19nadie88
241451,19nadie88
192135,19nadie88
329082,19nadie88
322708,19oldnewgamer53
366161,19oldnewgamer53
245655,19oldnewgamer53
281442,19oldnewgamer53
237182,19oldnewgamer53
239472,19oldnewgamer53
349067,19oldnewgamer53
332686,19oldnewgamer53
228328,19oldnewgamer53
295770,19oldnewgamer53
364011,1Aquila
235802,1Aquila
242705,1Aquila
321608,1Aquila
224517,1Aquila
325494,1Aquila
251661,1Aquila
255984,1Aquila
192135,1Aquila
220308,1Aquila
262211,1Aspielerin
256999,1Aspielerin
244271,1Aspielerin
297562,1Aspielerin
186751,1Aspielerin
179803,1Aspielerin
325494,1Aspielerin
316554,1Aspielerin
221107,1Aspielerin
237182,1Aspielerin
242705,1CHNUP
170771,1CHNUP
364011,1CHNUP
251661,1CHNUP
228328,1CHNUP
233078,1CHNUP
292375,1CHNUP
281655,1CHNUP
366161,1CHNUP
262211,1CHNUP
295770,1DrFlamenco
251661,1DrFlamenco
308119,1DrFlamenco
266507,1DrFlamenco
235802,1DrFlamenco
277659,1DrFlamenco
224517,1DrFlamenco
325494,1DrFlamenco
242705,1DrFlamenco
255984,1DrFlamenco
349067,1Friidrek6
314040,1Friidrek6
311988,1Friidrek6
283355,1Friidrek6
220517,1Friidrek6
226522,1Friidrek6
341169,1Friidrek6
273330,1Friidrek6
321608,1Friidrek6
366013,1Friidrek6
242705,1L4stCh4nce
251661,1L4stCh4nce
295770,1L4stCh4nce
364011,1L4stCh4nce
291457,1L4stCh4nce
314040,1L4stCh4nce
235802,1L4stCh4nce
224517,1L4stCh4nce
246900,1L4stCh4nce
266507,1L4stCh4nce
314040,1Mmirg
325494,1Mmirg
242705,1Mmirg
295770,1Mmirg
235802,1Mmirg
251661,1Mmirg
240980,1Mmirg
324856,1Mmirg
224517,1Mmirg
246900,1Mmirg
251661,1No_Momo
242705,1No_Momo
325494,1No_Momo
295770,1No_Momo
364011,1No_Momo
308119,1No_Momo
349067,1No_Momo
291457,1No_Momo
270633,1No_Momo
314040,1No_Momo
321608,1RaFaL
262211,1RaFaL
349067,1RaFaL
206480,1RaFaL
169427,1RaFaL
314040,1RaFaL
310100,1RaFaL
224517,1RaFaL
366161,1RaFaL
291572,1RaFaL
235802,1SkyCaptain
210296,1SkyCaptain
262211,1SkyCaptain
291457,1SkyCaptain
244114,1SkyCaptain
299659,1SkyCaptain
220308,1SkyCaptain
322289,1SkyCaptain
314040,1SkyCaptain
239942,1SkyCaptain
